{"cameraMode":{"drawMode":0,"name":"Shaded","section":"Shading Mode"},"sceneLighting":false,"audioPlay":false,"sceneViewState":{"showFog":true,"showMaterialUpdate":false,"showSkybox":false,"showFlares":true,"showImageEffects":true,"showParticleSystems":true,"showVisualEffectGraphs":true,"m_FxEnabled":true},"in2DMode":false,"pivot":{"x":4.656612873077393e-10,"y":0.00811712071299553,"z":-1.5366822481155397e-8},"rotation":{"x":-0.699944019317627,"y":-0.1032983660697937,"z":0.10343535989522934,"w":-0.6991060376167297},"size":0.23913338780403138,"orthographic":true}