{"cameraMode":{"drawMode":0,"name":"Shaded","section":"Shading Mode"},"sceneLighting":true,"audioPlay":false,"sceneViewState":{"m_AlwaysRefresh":false,"showFog":true,"showSkybox":true,"showFlares":true,"showImageEffects":true,"showParticleSystems":true,"showVisualEffectGraphs":true,"m_FxEnabled":true},"in2DMode":false,"pivot":{"x":2.578456401824951,"y":13.676301956176758,"z":-14.351936340332032},"rotation":{"x":-0.36316990852355959,"y":-0.05360996723175049,"z":0.02094458043575287,"w":-0.9299624562263489},"size":15.795330047607422,"orthographic":false}