{"cameraMode":{"drawMode":0,"name":"Shaded","section":"Shading Mode"},"sceneLighting":false,"audioPlay":false,"sceneViewState":{"showFog":true,"showMaterialUpdate":false,"showSkybox":false,"showFlares":true,"showImageEffects":true,"showParticleSystems":true,"showVisualEffectGraphs":true,"m_FxEnabled":true},"in2DMode":false,"pivot":{"x":-29.473560333251954,"y":0.12369997799396515,"z":-10.543999671936036},"rotation":{"x":-0.0786501094698906,"y":-0.48203960061073305,"z":0.04350203648209572,"w":-0.8715533018112183},"size":0.5074635148048401,"orthographic":true}