{"cameraMode":{"drawMode":0,"name":"Shaded","section":"Shading Mode"},"sceneLighting":true,"audioPlay":false,"sceneViewState":{"m_AlwaysRefresh":false,"showFog":true,"showSkybox":true,"showFlares":true,"showImageEffects":true,"showParticleSystems":true,"showVisualEffectGraphs":true,"m_FxEnabled":true},"in2DMode":false,"pivot":{"x":0.19999998807907105,"y":0.6000000238418579,"z":2.5399999618530275},"rotation":{"x":-0.15825779736042024,"y":0.2382747232913971,"z":-0.039366576820611957,"w":-0.957421064376831},"size":0.9273618459701538,"orthographic":false}