{"cameraMode":{"drawMode":0,"name":"Shaded","section":"Shading Mode"},"sceneLighting":true,"audioPlay":false,"sceneViewState":{"showFog":true,"showMaterialUpdate":false,"showSkybox":true,"showFlares":true,"showImageEffects":true,"showParticleSystems":true,"showVisualEffectGraphs":true,"m_FxEnabled":true},"in2DMode":false,"pivot":{"x":-0.9090064764022827,"y":-2.282564163208008,"z":4.670230865478516},"rotation":{"x":0.1615971177816391,"y":-0.0029660107102245094,"z":0.0004859012260567397,"w":0.9868528842926025},"size":8.430083274841309,"orthographic":false}