{"cameraMode":{"drawMode":0,"name":"Shaded","section":"Shading Mode"},"sceneLighting":true,"audioPlay":false,"sceneViewState":{"showFog":true,"showMaterialUpdate":false,"showSkybox":true,"showFlares":true,"showImageEffects":true,"showParticleSystems":true,"showVisualEffectGraphs":true,"m_FxEnabled":true},"in2DMode":false,"pivot":{"x":0.12426626682281494,"y":-1.9078607559204102,"z":7.454464435577393},"rotation":{"x":-0.2739278972148895,"y":-0.012698084115982056,"z":0.003617385169491172,"w":-0.9616586565971375},"size":14.396474838256836,"orthographic":false}