{"cameraMode":{"drawMode":0,"name":"Shaded","section":"Shading Mode"},"sceneLighting":false,"audioPlay":false,"sceneViewState":{"showFog":true,"showMaterialUpdate":false,"showSkybox":false,"showFlares":true,"showImageEffects":true,"showParticleSystems":true,"showVisualEffectGraphs":true,"m_FxEnabled":true},"in2DMode":false,"pivot":{"x":6.048896789550781,"y":-13.305977821350098,"z":-17.39435386657715},"rotation":{"x":0.3873959481716156,"y":-0.004153677728027105,"z":0.001745811547152698,"w":0.9219037890434265},"size":0.8660253882408142,"orthographic":false}